{
    "students": [
        {
            "registration_number": "STU12345"
        },
        {
            "registration_number": "STU67890"
        },
        {
            "registration_number": "STU11223"
        },
        {
            "registration_number": "24/BIT/BU/R/1003"
        },
        {
            "registration_number": "23/BSE/BU/R/1003"
        },
        {
            "registration_number": "22/BCC/BU/R/1001"
        },
        {
            "registration_number": "22/BSE/BU/R/1005"
        },
        {
            "registration_number": "23/BCC/BU/R/1004"
        },
        {
            "registration_number": "21/BCN/BU/R/1003"
        },
        {
            "registration_number": "22/BSE/BU/R/1002"
        },
        {
            "registration_number": "23/BSE/BU/R/1004"
        },
        {
            "registration_number": "19/BSE/BU/R/1003"
        }
    ]
}